{"parser": "oslopots", "sense_pred": {"Expansion.Conjunction": {"prec": 0.6480836236933798, "rec": 0.58125, "f1": 0.3064250411861615}, "Temporal.Asynchronous.Precedence": {"prec": 0.9642857142857143, "rec": 0.54, "f1": 0.34615384615384615}, "Temporal.Synchrony": {"prec": 0.5769230769230769, "rec": 0.5769230769230769, "f1": 0.28846153846153844}, "Temporal.Asynchronous.Succession": {"prec": 0.8108108108108109, "rec": 0.5172413793103449, "f1": 0.3157894736842105}, "Contingency.Cause.Result": {"prec": 0.5, "rec": 0.17307692307692307, "f1": 0.12857142857142856}, "EntRel": {"prec": 0.3825503355704698, "rec": 0.57, "f1": 0.2289156626506024}, "Comparison.Concession": {"prec": 1.0, "rec": 0.037383177570093455, "f1": 0.036036036036036036}, "Contingency.Condition": {"prec": 0.9473684210526315, "rec": 0.6923076923076923, "f1": 0.39999999999999997}, "Comparison.Contrast": {"prec": 0.2375, "rec": 0.35185185185185186, "f1": 0.1417910447761194}, "Expansion.Instantiation": {"prec": 0.5, "rec": 0.06818181818181818, "f1": 0.060000000000000005}, "Expansion.Restatement": {"prec": 0.4492753623188406, "rec": 0.2052980132450331, "f1": 0.14090909090909093}, "Expansion.Alternative": {"prec": 1.0, "rec": 0.2, "f1": 0.16666666666666669}, "Contingency.Cause.Reason": {"prec": 0.4807692307692308, "rec": 0.3125, "f1": 0.18939393939393936}}}
{"parser": "nguyenlab", "sense_pred": {"Expansion.Conjunction": {"prec": 0.6449704142011834, "rec": 0.68125, "f1": 0.331306990881459}, "Temporal.Asynchronous.Precedence": {"prec": 0.9354838709677419, "rec": 0.58, "f1": 0.35802469135802467}, "Temporal.Synchrony": {"prec": 0.5084745762711864, "rec": 0.5769230769230769, "f1": 0.27027027027027023}, "Temporal.Asynchronous.Succession": {"prec": 0.813953488372093, "rec": 0.603448275862069, "f1": 0.3465346534653465}, "Contingency.Cause.Result": {"prec": 0.2857142857142857, "rec": 0.3076923076923077, "f1": 0.14814814814814817}, "EntRel": {"prec": 0.44129554655870445, "rec": 0.545, "f1": 0.24384787472035796}, "Comparison.Concession": {"prec": 0.5, "rec": 0.06542056074766354, "f1": 0.05785123966942148}, "Contingency.Condition": {"prec": 0.9545454545454546, "rec": 0.8076923076923077, "f1": 0.4375}, "Comparison.Contrast": {"prec": 0.21621621621621623, "rec": 0.4444444444444444, "f1": 0.14545454545454545}, "Expansion.Instantiation": {"prec": 0.4444444444444444, "rec": 0.09090909090909091, "f1": 0.07547169811320754}, "Expansion.Restatement": {"prec": 0.4696969696969697, "rec": 0.2052980132450331, "f1": 0.14285714285714288}, "Expansion.Alternative": {"prec": 1.0, "rec": 0.26666666666666666, "f1": 0.2105263157894737}, "Contingency.Cause.Reason": {"prec": 0.2777777777777778, "rec": 0.25, "f1": 0.13157894736842105}}}
{"parser": "steven", "sense_pred": {"Expansion.Conjunction": {"prec": 0.4726477024070022, "rec": 0.675, "f1": 0.277992277992278}, "Temporal.Asynchronous.Precedence": {"prec": 0.5128205128205128, "rec": 0.4, "f1": 0.2247191011235955}, "Temporal.Synchrony": {"prec": 0.5128205128205128, "rec": 0.38461538461538464, "f1": 0.21978021978021978}, "Temporal.Asynchronous.Succession": {"prec": 0.58, "rec": 0.5, "f1": 0.2685185185185185}, "Contingency.Cause.Result": {"prec": 0.36363636363636365, "rec": 0.23076923076923078, "f1": 0.14117647058823532}, "EntRel": {"prec": 0.35714285714285715, "rec": 0.375, "f1": 0.18292682926829265}, "Comparison.Concession": {"prec": 0.3333333333333333, "rec": 0.04672897196261682, "f1": 0.040983606557377046}, "Contingency.Condition": {"prec": 0.5277777777777778, "rec": 0.7307692307692307, "f1": 0.30645161290322576}, "Comparison.Contrast": {"prec": 0.13385826771653545, "rec": 0.3148148148148148, "f1": 0.09392265193370165}, "Expansion.Instantiation": {"prec": 0.6, "rec": 0.06818181818181818, "f1": 0.06122448979591835}, "Expansion.Restatement": {"prec": 0.25, "rec": 0.019867549668874173, "f1": 0.018404907975460124}, "Expansion.Alternative": {"prec": 1.0, "rec": 0.06666666666666667, "f1": 0.0625}, "Contingency.Cause.Reason": {"prec": 0.4222222222222222, "rec": 0.2375, "f1": 0.152}}}
