{"parser": "oslopots", "sense_pred": {"Expansion.Conjunction": {"prec": 0.6371681415929203, "rec": 0.675, "f1": 0.3277693474962064}, "Temporal.Asynchronous.Precedence": {"prec": 0.9696969696969697, "rec": 0.64, "f1": 0.38554216867469876}, "Temporal.Synchrony": {"prec": 0.5384615384615384, "rec": 0.5384615384615384, "f1": 0.2692307692307692}, "Temporal.Asynchronous.Succession": {"prec": 0.85, "rec": 0.5862068965517241, "f1": 0.3469387755102041}, "Contingency.Cause.Result": {"prec": 0.5, "rec": 0.19230769230769232, "f1": 0.1388888888888889}, "EntRel": {"prec": 0.3799392097264438, "rec": 0.625, "f1": 0.23629489603024575}, "Comparison.Concession": {"prec": 1.0, "rec": 0.056074766355140186, "f1": 0.05309734513274336}, "Contingency.Condition": {"prec": 0.9047619047619048, "rec": 0.7307692307692307, "f1": 0.40425531914893614}, "Comparison.Contrast": {"prec": 0.23333333333333334, "rec": 0.3888888888888889, "f1": 0.14583333333333334}, "Expansion.Instantiation": {"prec": 0.3333333333333333, "rec": 0.045454545454545456, "f1": 0.04}, "Expansion.Restatement": {"prec": 0.43283582089552236, "rec": 0.19205298013245034, "f1": 0.13302752293577982}, "Expansion.Alternative": {"prec": 1.0, "rec": 0.3333333333333333, "f1": 0.25}, "Contingency.Cause.Reason": {"prec": 0.4745762711864407, "rec": 0.35, "f1": 0.2014388489208633}}}
{"parser": "nguyenlab", "sense_pred": {"Expansion.Conjunction": {"prec": 0.6376811594202898, "rec": 0.55, "f1": 0.2953020134228188}, "Temporal.Asynchronous.Precedence": {"prec": 0.9230769230769231, "rec": 0.48, "f1": 0.3157894736842105}, "Temporal.Synchrony": {"prec": 0.4791666666666667, "rec": 0.4423076923076923, "f1": 0.22999999999999998}, "Temporal.Asynchronous.Succession": {"prec": 0.8205128205128205, "rec": 0.5517241379310345, "f1": 0.32989690721649484}, "Contingency.Cause.Result": {"prec": 0.34, "rec": 0.3269230769230769, "f1": 0.16666666666666666}, "EntRel": {"prec": 0.40540540540540543, "rec": 0.45, "f1": 0.2132701421800948}, "Comparison.Concession": {"prec": 0.42857142857142855, "rec": 0.056074766355140186, "f1": 0.04958677685950413}, "Contingency.Condition": {"prec": 1.0, "rec": 0.6923076923076923, "f1": 0.40909090909090906}, "Comparison.Contrast": {"prec": 0.21904761904761905, "rec": 0.42592592592592593, "f1": 0.14465408805031446}, "Expansion.Instantiation": {"prec": 0.5, "rec": 0.11363636363636363, "f1": 0.09259259259259259}, "Expansion.Restatement": {"prec": 0.4153846153846154, "rec": 0.17880794701986755, "f1": 0.125}, "Expansion.Alternative": {"prec": 1.0, "rec": 0.26666666666666666, "f1": 0.2105263157894737}, "Contingency.Cause.Reason": {"prec": 0.24, "rec": 0.225, "f1": 0.11612903225806452}}}
{"parser": "steven", "sense_pred": {"Expansion.Conjunction": {"prec": 0.46203904555314534, "rec": 0.665625, "f1": 0.2727272727272727}, "Temporal.Asynchronous.Precedence": {"prec": 0.5116279069767442, "rec": 0.44, "f1": 0.23655913978494625}, "Temporal.Synchrony": {"prec": 0.5277777777777778, "rec": 0.36538461538461536, "f1": 0.2159090909090909}, "Temporal.Asynchronous.Succession": {"prec": 0.5833333333333334, "rec": 0.4827586206896552, "f1": 0.26415094339622647}, "Contingency.Cause.Result": {"prec": 0.3225806451612903, "rec": 0.19230769230769232, "f1": 0.12048192771084337}, "EntRel": {"prec": 0.34782608695652173, "rec": 0.36, "f1": 0.1769041769041769}, "Comparison.Concession": {"prec": 0.2857142857142857, "rec": 0.037383177570093455, "f1": 0.033057851239669415}, "Contingency.Condition": {"prec": 0.5789473684210527, "rec": 0.8461538461538461, "f1": 0.34375}, "Comparison.Contrast": {"prec": 0.12878787878787878, "rec": 0.3148148148148148, "f1": 0.0913978494623656}, "Expansion.Instantiation": {"prec": 0.4, "rec": 0.045454545454545456, "f1": 0.04081632653061225}, "Expansion.Restatement": {"prec": 0.36363636363636365, "rec": 0.026490066225165563, "f1": 0.024691358024691357}, "Expansion.Alternative": {"prec": 1.0, "rec": 0.06666666666666667, "f1": 0.0625}, "Contingency.Cause.Reason": {"prec": 0.4375, "rec": 0.2625, "f1": 0.16406250000000003}}}
