{"parser": "oslopots", "sense_pred": {"Expansion.Conjunction": {"prec": 0.6357388316151202, "rec": 0.578125, "f1": 0.3027823240589198}, "Temporal.Asynchronous.Precedence": {"prec": 0.967741935483871, "rec": 0.6, "f1": 0.37037037037037035}, "Temporal.Synchrony": {"prec": 0.54, "rec": 0.5192307692307693, "f1": 0.2647058823529412}, "Temporal.Asynchronous.Succession": {"prec": 0.8529411764705882, "rec": 0.5, "f1": 0.3152173913043478}, "Contingency.Cause.Result": {"prec": 0.6111111111111112, "rec": 0.21153846153846154, "f1": 0.15714285714285714}, "EntRel": {"prec": 0.3576158940397351, "rec": 0.54, "f1": 0.21513944223107567}, "Comparison.Concession": {"prec": 1.0, "rec": 0.056074766355140186, "f1": 0.05309734513274336}, "Contingency.Condition": {"prec": 0.8666666666666667, "rec": 0.5, "f1": 0.3170731707317073}, "Comparison.Contrast": {"prec": 0.23376623376623376, "rec": 0.3333333333333333, "f1": 0.13740458015267176}, "Expansion.Instantiation": {"prec": 0.375, "rec": 0.06818181818181818, "f1": 0.05769230769230769}, "Expansion.Restatement": {"prec": 0.45, "rec": 0.17880794701986755, "f1": 0.1279620853080569}, "Expansion.Alternative": {"prec": 1.0, "rec": 0.3333333333333333, "f1": 0.25}, "Contingency.Cause.Reason": {"prec": 0.5178571428571429, "rec": 0.3625, "f1": 0.21323529411764705}}}
{"parser": "ecnucs", "sense_pred": {"Expansion.Conjunction": {"prec": 0.6956521739130435, "rec": 0.7, "f1": 0.34890965732087226}, "Temporal.Asynchronous.Precedence": {"prec": 0.6065573770491803, "rec": 0.74, "f1": 0.3333333333333333}, "Temporal.Synchrony": {"prec": 0.5588235294117647, "rec": 0.7307692307692307, "f1": 0.3166666666666667}, "Temporal.Asynchronous.Succession": {"prec": 0.8163265306122449, "rec": 0.6896551724137931, "f1": 0.3738317757009346}, "Contingency.Cause.Result": {"prec": 0.35135135135135137, "rec": 0.25, "f1": 0.1460674157303371}, "EntRel": {"prec": 0.44274809160305345, "rec": 0.58, "f1": 0.2510822510822511}, "Comparison.Concession": {"prec": 0.6, "rec": 0.028037383177570093, "f1": 0.026785714285714288}, "Contingency.Condition": {"prec": 0.8571428571428571, "rec": 0.9230769230769231, "f1": 0.4444444444444445}, "Comparison.Contrast": {"prec": 0.17886178861788618, "rec": 0.4074074074074074, "f1": 0.12429378531073444}, "Expansion.Instantiation": {"prec": 0.55, "rec": 0.25, "f1": 0.171875}, "Expansion.Restatement": {"prec": 0.3695652173913043, "rec": 0.2251655629139073, "f1": 0.139917695473251}, "Expansion.Alternative": {"prec": 1.0, "rec": 0.3333333333333333, "f1": 0.25}, "Contingency.Cause.Reason": {"prec": 0.4603174603174603, "rec": 0.3625, "f1": 0.20279720279720279}}}
{"parser": "steven", "sense_pred": {"Expansion.Conjunction": {"prec": 0.4783599088838269, "rec": 0.65625, "f1": 0.27667984189723327}, "Temporal.Asynchronous.Precedence": {"prec": 0.5, "rec": 0.4, "f1": 0.22222222222222224}, "Temporal.Synchrony": {"prec": 0.5, "rec": 0.3269230769230769, "f1": 0.19767441860465118}, "Temporal.Asynchronous.Succession": {"prec": 0.5454545454545454, "rec": 0.41379310344827586, "f1": 0.23529411764705882}, "Contingency.Cause.Result": {"prec": 0.3870967741935484, "rec": 0.23076923076923078, "f1": 0.14457831325301204}, "EntRel": {"prec": 0.34134615384615385, "rec": 0.355, "f1": 0.17401960784313725}, "Comparison.Concession": {"prec": 0.35714285714285715, "rec": 0.04672897196261682, "f1": 0.04132231404958677}, "Contingency.Condition": {"prec": 0.5862068965517241, "rec": 0.6538461538461539, "f1": 0.3090909090909091}, "Comparison.Contrast": {"prec": 0.1415929203539823, "rec": 0.2962962962962963, "f1": 0.09580838323353294}, "Expansion.Instantiation": {"prec": 0.6, "rec": 0.06818181818181818, "f1": 0.06122448979591835}, "Expansion.Restatement": {"prec": 0.3, "rec": 0.019867549668874173, "f1": 0.01863354037267081}, "Expansion.Alternative": {"prec": 1.0, "rec": 0.06666666666666667, "f1": 0.0625}, "Contingency.Cause.Reason": {"prec": 0.4090909090909091, "rec": 0.225, "f1": 0.14516129032258066}}}
